subject,f1_macro,roc_auc,n_samples
zenodo_4,0.3337791403469065,0.6848061029879211,251
4tu_5,0.5882649842271293,0.768680497134966,2510
zenodo_13,0.3584308763049668,0.8391071428571428,156
zenodo_10,0.33922418324319903,0.8117137476459511,327
4tu_4,0.5419547064777328,0.6171243185273342,2614
