method,F1_macro_mean,F1_macro_std,BalancedAcc_mean,ROC_AUC_mean,PR_AUC_mean,Brier_mean
GBDT,0.7146212023424108,0.04137166301057209,0.718139619883041,0.7967313302788221,0.6630326349536706,0.17893363957670955
LR,0.4541915228087978,0.01768937570458399,0.5037865497076023,0.5712533993403648,0.4465131038701804,0.23109548626056942
RF,0.7426054814397357,0.04160333178253715,0.7458343776106935,0.8341786976120857,0.7164468870212687,0.16160639185884
